,name,count
0,Искандер,1
1,Николай,46
2,Феликс,3
3,Артур,15
4,Егор,83
5,Andrey,4
6,Сергей,145
7,Павел,63
8,Kempotsik,1
9,Андрей,169
10,Руся,1
11,Анд,1
12,Гога,2
13,Никита,138
14,Артем,34
15,Безшумный,1
16,Степан,27
17,Александр,241
18,Владимир,75
19,Михаил,64
20,Евгений,93
21,Тима,2
22,Борис,12
23,Григорий,8
24,Кирилл,91
25,Даниил,37
26,Матвей,22
27,Иван,104
28,Давид,5
29,Вячеслав,31
30,Игорь,61
31,Илья,91
32,Максим,122
33,Коля,9
34,Дмитрий,172
35,Захар,20
36,Эрик,3
37,Ярослав,16
38,Данил,78
39,Руслан,25
40,Нолик,1
41,Алексей,140
42,Денис,57
43,Сашка,1
44,Рафаэль,1
45,Семён,21
46,Ilya,5
47,Савелий,4
48,Артём,68
49,Аркадий,8
50,Валентин,5
51,Георгий,17
52,Зач,1
53,Миня,1
54,Виктор,29
55,Satik,1
56,Мария,2
57,Костя,13
58,Константин,46
59,Пётр,5
60,Eduard,1
61,Ya,1
62,Олег,38
63,Gleb,1
64,Клинок,1
65,Влад,28
66,Станислав,25
67,Frog,1
68,Лукас,1
69,Жека,4
70,Тёма,11
71,Азизбек,1
72,Стас,8
73,Эдуард,16
74,Никанор,1
75,Дима,39
76,Сережа,1
77,Данила,16
78,Богдан,10
79,Yamaha,1
80,Владислав,38
81,Миша,22
82,Georgy,1
83,Светлан,1
84,Василий,26
85,Вадим,29
86,Виталий,29
87,Валерий,17
88,Рамазон,1
89,Юрий,20
90,Араик,1
91,Фёдор,6
92,Запах,1
93,Чебурек,1
94,Антон,54
95,肏你,1
96,Серёга,9
97,Марк,9
98,Varvar,1
99,Гарант,1
100,Макс,27
101,Олег-Юрьевич,1
102,Володя,3
103,Олежа,1
104,Анатолий,16
105,Дэн,1
106,Лашкевич,1
107,Еременко,1
108,Светлана,1
109,Vladr61,1
110,Bad,1
111,Лев,12
112,Леонид,8
113,‘’vadim,1
114,Alex,5
115,Саня,8
116,Соня,1
117,Роман,67
118,Стефан,1
119,Филя,1
120,Vova,1
121,Енакентий,1
122,Самвел,2
123,Филипп,3
124,Гоша,3
125,Вася,3
126,Семен,9
127,Danya,1
128,Ерофей,1
129,Al,1
130,Pasha,2
131,Заур,1
132,Vladimir,3
133,Женя,12
134,Arman,1
135,David,2
136,Дом-Милососердияпомощь-Людям-Нах,1
137,Слава,15
138,Nikita,7
139,Владлен,1
140,Vladislav,3
141,Сидор,1
142,Tit,1
143,Клим,4
144,Радмир,1
145,Ivan,5
146,No,2
147,Yvng,1
148,Рыбак,1
149,Рома,14
150,Артемий,3
151,Сахарный,1
152,Саша,19
153,Паша,6
154,Alexander,7
155,Мики,1
156,Nonexist,1
157,Платон,1
158,Mark,4
159,Евгения,1
160,Sergo,1
161,Филимон,1
162,Эндрю,1
163,Ира,1
164,Леха,1
165,Даня,13
166,Имя,2
167,Сёма,3
168,Мурад,1
169,Эдик,4
170,Федор,4
171,Митя,1
172,Святослав,2
173,Неизвестный,1
174,Тема,1
175,Назар,2
176,Rushan,1
177,Библиомобиль,1
178,Таврян,1
179,Юрик,1
180,Grayson,1
181,Мортис,1
182,Ваня,15
183,Keshirumi,1
184,Eagly,1
185,Suzuya,1
186,Аркаша,1
187,Арам,2
188,Aleksandr,4
189,Серега,3
190,Андрюха,1
191,Мак,1
192,Ренат,1
193,Ryld,1
194,Яков,3
195,Ермак,1
196,Сана,1
197,Йося,1
198,Алекх,1
199,Сава,1
200,Илюха,1
201,Io,1
202,Всеволод,7
203,Kuku,1
204,Max,2
205,Ефим,1
206,Тимофей,18
207,Валек,1
208,Кузбасс-Арсений,1
209,Maxim,2
210,Гриша,5
211,Толян,1
212,Годол,1
213,Кеша,1
214,Алик,4
215,Магомед,1
216,Алина,1
217,Yury,1
218,Фарход,1
219,Дамир,1
220,Мистер,1
221,Стёпа,4
222,Ксандер,1
223,Глеб,15
224,Татьяна,1
225,Marat,1
226,Никич,1
227,Kusainov,1
228,Nikolas,2
229,Ян,1
230,Igory,1
231,Бека,1
232,Линд,1
233,Валера,3
234,Johny,1
235,Арсений,12
236,Юра,3
237,Немного,1
238,Хачик,1
239,Ростик,1
240,Sergey,3
241,Тимур,4
242,Родион,4
243,Igor',1
244,Ванёк,4
245,Арсен,3
246,Толя,1
247,Натяжные-Потолки,1
248,Алекс,5
249,Ринат,2
250,Анонимный,1
251,Фарид,2
252,Димьян,1
253,Аслиддин,1
254,Мася,1
255,‘’,1
256,Назим,1
257,Gh,1
258,Dmitriy,4
259,Леонард,1
260,Spazz,1
261,Mrx,1
262,Грачик,1
263,Анастасия,5
264,Geo,1
265,Digital,1
266,Дилшод,1
267,Sussy,1
268,Эдвард,1
269,Аноним,1
270,Barchanet,1
271,Вкусный,1
272,Некитос,1
273,Марат,3
274,Аким,1
275,Ростислав,3
276,Jack,1
277,Попов,1
278,Далер,1
279,Вол,1
280,Ден,1
281,Васька,1
282,Вован,2
283,Егений,1
284,Кокос,1
285,Рамазан,1
286,Славик,1
287,Jiji,1
288,Валерия,1
289,Michael,1
290,Павлик,1
291,Hxspital,1
292,Valeriy,1
293,Winsent,1
294,Boots,1
295,Русик,1
296,Митяй,1
297,Лорис,1
298,Демид,2
299,Костян,1
300,Evgen,2
301,Slava,1
302,Фирдавс,1
303,Vitaly,1
304,Alexey,2
305,Зая,1
306,Кристина,2
307,Димасик,1
308,Арнольд,2
309,Витя,2
310,Лариса,1
311,Алексанлр,1
312,Denis,3
313,Amir,1
314,Igoryan,1
315,Томас,1
316,Boris,1
317,Айыраш,1
318,Инума,1
319,Лёха,2
320,Ор,1
321,Эльдар,1
322,Художник,1
323,Sasha,1
324,Ромка,1
325,Генка,1
326,Вй,1
327,Миржалол,1
328,Муслим,1
329,Санёк,1
330,Карп,1
331,Рустам,2
332,Бен,1
333,Armen,1
334,Елисей,1
335,Joe,1
336,Oleg,1
337,Misha,1
338,Кемшоп,1
339,Igor,2
340,Alexandr,2
341,Quod,1
342,Mir,1
343,Роберт,2
344,Анатолий-Васильевич,1
345,Виталя,1
346,Степа,2
347,Геннадий,3
348,Hamu,1
349,Serega,1
350,Nightmare,1
351,Dmitry,3
352,Табриз,1
353,Taiger,1
354,Вова,7
355,Степка,1
356,Женёк,1
357,Даурен,1
358,Danil,3
359,Петр,2
360,Вовчик,1
361,Ширяёв,1
362,Ноулнейм,1
363,Kirill,3
364,Савин,1
365,Лукьян,1
366,Vadim,2
367,Evgeny,1
368,Фуркад,1
369,Рауф,1
370,Dima,2
371,Арутюн,1
372,Игорян,1
373,Галина,1
374,Пара,1
375,Лялин,1
376,Вадик,1
377,Парадист,1
378,Арсланхан,1
379,Мокрый,1
380,Operator,1
381,Shh,1
382,Винстон,1
383,Нурлан,1
384,Прохор,1
385,Maksim,1
386,Рамил,1
387,Остап,1
388,Азамат,1
389,Элми,1
390,Nik,2
391,Viktor,1
392,Кирюха,1
393,Тим,1
394,Гена,1
395,Mema,1
396,Игнат,2
397,Clyde,1
398,Lev,3
399,Костюченко,1
400,Saveliy,1
401,Герман,2
402,Генри,1
403,Fogo,1
404,Ildar,1
405,Бертран,1
406,Micael,1
407,Гурген,1
408,Миха,1
409,Pavel,1
410,Ромарио,1
411,Аарон,1
412,Мирзоназар,1
413,Кир,1
414,睿洋,1
415,Мехоношин,1
416,Алишер,1
417,Luan,1
418,Рита,1
419,Мухсин,1
420,Гев,1
421,Radwan,1
422,Лиза,1
423,Херобрин,1
424,Фируз,1
425,Серёжа,3
426,Мухамед,1
427,Санька,1
428,Карен,1
429,Жорж,1
430,Yutu,1
431,Kimik,1
432,Timofey,1
433,Полина,1
434,Nikolay,1
435,Vovan,1
436,Магистр,1
437,Лёша,2
438,Ники,1
439,Жоас,1
440,あなたの愚かさ,1
441,Амелия,1
442,Addy,1
443,Vlad,1
444,FarFox Neo App,1
445,Игорёк,1
446,Анжелика,1
447,Вараксин,1
448,Сержио,1
449,Kirilla,1
450,Джамал,1
451,Салмон,1
452,Шамиль,1
453,أندرو,1
454,Добрый,1
455,Дик,1
456,Я-Против,1
457,Мурат,1
458,Это-Кузбасс,1
459,Аврора,1
460,Хаким,1
461,Деймон,1
462,Абдул,1
463,Диман,2
464,Альберт,2
465,Арсентий,1
466,Woland,1
467,Илия,1
468,Artem,1
469,Nekit,1
470,Edward,1
471,Khuler,1
472,Tungsten,1
473,Нурмаш,1
474,Кори,1
475,Monya,1
476,Колян,1
477,All-E,1
478,Сеня,1
479,Петя,1
480,Corpse,1
481,Анна,1
482,Саро,1
483,Endry,1
484,جليب,1
485,Гусь,1
486,Саид,1
487,Дарья,1
488,Манабов,1
489,Рамбом,1
490,Jake,1
491,Vanya,1
492,Асхат,1
493,Леонтий,1
494,Наримон,1
495,Victoria,1
496,Weselov,1
497,Аврам,1
498,Я-Из,1
499,Афанасий,1
500,Жора,1
501,Izaya,1
502,Стасян,1
503,Еген,1
504,Вруйр,1
505,Кузьмук,1
506,Тёмич,1
507,Anzor,1
508,Джейхун,1
509,Радион,1
510,Лульдим,1
511,Вюгар,1
512,Тимоха,1
513,Самат,1
514,Алиса,1
515,Витамин,1
516,Эдян,1
517,Волгин,1
518,Джонгуан,1
519,Симба,1
520,Райли,1
521,Ахмадшо,1
522,Савва,1
523,Ларик,1
524,Semik,1
525,Эдгар,1
526,Макар,1
527,Асти,1
528,イリヤ,1
529,سيميون,1
530,Аьрророа,1
531,الفنارتيم,1
532,Кирюша,1
533,Ратмир,1
534,Stanislav,1
535,Ноу,1
536,Мгер,1
537,Мишаня,1
538,Lucius,1
539,Aleksey,1
540,Шохрат,1
541,Victor,1
542,Али,1
543,Санечка,1
544,Кузьма,1
545,Anton,1
546,Knyaje,1
547,Евген,1
548,吉良,1
549,Ульяна,1
550,Геворг,1
551,Джефф,1
552,Бахтиёр,1
553,Драник,1
554,Айдыс,1
555,Антонина,1
556,Just,1
557,Аник,1
558,Сяський,1
559,Иосиф,1
560,Bayram,1
561,Huseyn,1
562,Мума,1
